trade_date,signal,direction,entry_time,entry_price,exit_time,exit_price,exit_reason,pnl_points,max_favorable_points,max_adverse_points,stop_loss_points,take_profit_points,max_holding_minutes,flip,pivot,r1,s1
2026-05-04,FLIP_RECOVER,LONG,2026-05-04 12:50:00,41068.0,2026-05-04 12:55:00,41028.0,STOP_LOSS,-40.0,9.0,101.0,40,80,60,41031.0,40757.3,41347.7,40440.7
2026-05-04,FLIP_BREAK,SHORT,2026-05-04 12:55:00,40995.0,2026-05-04 13:00:00,41035.0,STOP_LOSS,-40.0,31.0,74.0,40,80,60,41031.0,40757.3,41347.7,40440.7
2026-05-04,FLIP_RECOVER,LONG,2026-05-04 13:40:00,41126.0,2026-05-04 15:00:00,41086.0,STOP_LOSS,-40.0,0.0,231.0,40,80,60,41031.0,40757.3,41347.7,40440.7
2026-05-04,FLIP_BREAK,SHORT,2026-05-04 15:00:00,40970.0,2026-05-04 15:05:00,41010.0,STOP_LOSS,-40.0,2.0,151.0,40,80,60,41031.0,40757.3,41347.7,40440.7
2026-05-04,FLIP_RECOVER,LONG,2026-05-04 15:05:00,41034.0,2026-05-04 15:10:00,41114.0,TAKE_PROFIT,80.0,107.0,14.0,40,80,60,41031.0,40757.3,41347.7,40440.7
2026-05-04,FLIP_BREAK,SHORT,2026-05-04 18:00:00,40810.0,2026-05-04 18:05:00,40850.0,STOP_LOSS,-40.0,214.0,81.0,40,80,60,41031.0,40757.3,41347.7,40440.7
2026-05-04,FLIP_RECOVER,LONG,2026-05-04 21:05:00,41053.0,2026-05-04 21:10:00,41013.0,STOP_LOSS,-40.0,24.0,165.0,40,80,60,41031.0,40757.3,41347.7,40440.7
2026-05-04,FLIP_BREAK,SHORT,2026-05-04 21:10:00,40893.0,2026-05-04 21:30:00,40933.0,STOP_LOSS,-40.0,32.0,868.0,40,80,60,41031.0,40757.3,41347.7,40440.7
2026-05-04,FLIP_RECOVER,LONG,2026-05-04 22:10:00,41045.0,2026-05-04 22:15:00,41125.0,TAKE_PROFIT,80.0,99.0,31.0,40,80,60,41031.0,40757.3,41347.7,40440.7
2026-05-04,FLIP_BREAK,SHORT,2026-05-04 22:25:00,40994.0,2026-05-04 22:30:00,41034.0,STOP_LOSS,-40.0,18.0,108.0,40,80,60,41031.0,40757.3,41347.7,40440.7
2026-05-05,FLIP_RECOVER,LONG,2026-05-05 01:15:00,40826.0,2026-05-05 01:25:00,40906.0,TAKE_PROFIT,80.0,84.0,19.0,40,80,60,40788.0,40838.0,41135.0,40491.0
2026-05-05,FLIP_BREAK,SHORT,2026-05-05 01:45:00,40786.0,2026-05-05 02:00:00,40826.0,STOP_LOSS,-40.0,14.0,102.0,40,80,60,40788.0,40838.0,41135.0,40491.0
2026-05-05,FLIP_RECOVER,LONG,2026-05-05 02:00:00,40792.0,2026-05-05 02:15:00,40752.0,STOP_LOSS,-40.0,58.0,59.0,40,80,60,40788.0,40838.0,41135.0,40491.0
2026-05-05,FLIP_BREAK,SHORT,2026-05-05 02:05:00,40768.0,2026-05-05 02:15:00,40808.0,STOP_LOSS,-40.0,35.0,82.0,40,80,60,40788.0,40838.0,41135.0,40491.0
2026-05-05,FLIP_RECOVER,LONG,2026-05-05 03:30:00,40800.0,2026-05-05 04:00:00,40760.0,STOP_LOSS,-40.0,50.0,81.0,40,80,60,40788.0,40838.0,41135.0,40491.0
2026-05-05,FLIP_BREAK,SHORT,2026-05-05 03:50:00,40776.0,2026-05-05 04:00:00,40816.0,STOP_LOSS,-40.0,57.0,74.0,40,80,60,40788.0,40838.0,41135.0,40491.0
2026-05-06,FLIP_BREAK,SHORT,2026-05-06 00:15:00,41500.0,2026-05-06 00:25:00,41540.0,STOP_LOSS,-40.0,80.0,91.0,40,80,60,41503.0,41515.3,41992.7,41025.7
2026-05-06,FLIP_RECOVER,LONG,2026-05-06 00:25:00,41570.0,2026-05-06 00:30:00,41530.0,STOP_LOSS,-40.0,0.0,139.0,40,80,60,41503.0,41515.3,41992.7,41025.7
2026-05-06,FLIP_BREAK,SHORT,2026-05-06 00:30:00,41473.0,2026-05-06 00:35:00,41513.0,STOP_LOSS,-40.0,36.0,88.0,40,80,60,41503.0,41515.3,41992.7,41025.7
2026-05-06,FLIP_RECOVER,LONG,2026-05-06 01:15:00,41509.0,2026-05-06 01:35:00,41589.0,TAKE_PROFIT,80.0,111.0,21.0,40,80,60,41503.0,41515.3,41992.7,41025.7
2026-05-06,FLIP_BREAK,SHORT,2026-05-06 01:20:00,41495.0,2026-05-06 01:35:00,41535.0,STOP_LOSS,-40.0,7.0,125.0,40,80,60,41503.0,41515.3,41992.7,41025.7
2026-05-06,FLIP_RECOVER,LONG,2026-05-06 01:25:00,41506.0,2026-05-06 01:35:00,41586.0,TAKE_PROFIT,80.0,114.0,18.0,40,80,60,41503.0,41515.3,41992.7,41025.7
2026-05-06,FLIP_RECOVER,LONG,2026-05-06 01:55:00,41506.0,2026-05-06 02:10:00,41586.0,TAKE_PROFIT,80.0,101.0,8.0,40,80,60,41503.0,41515.3,41992.7,41025.7
2026-05-06,FLIP_BREAK,SHORT,2026-05-06 02:05:00,41498.0,2026-05-06 02:10:00,41538.0,STOP_LOSS,-40.0,0.0,109.0,40,80,60,41503.0,41515.3,41992.7,41025.7
2026-05-06,FLIP_RECOVER,LONG,2026-05-06 02:10:00,41511.0,2026-05-06 02:15:00,41591.0,TAKE_PROFIT,80.0,96.0,11.0,40,80,60,41503.0,41515.3,41992.7,41025.7
2026-05-06,FLIP_BREAK,SHORT,2026-05-06 03:00:00,41488.0,2026-05-06 03:15:00,41528.0,STOP_LOSS,-40.0,29.0,80.0,40,80,60,41503.0,41515.3,41992.7,41025.7
2026-05-06,FLIP_RECOVER,LONG,2026-05-06 04:15:00,41504.0,2026-05-06 04:25:00,41584.0,TAKE_PROFIT,80.0,146.0,14.0,40,80,60,41503.0,41515.3,41992.7,41025.7
2026-05-06,FLIP_BREAK,SHORT,2026-05-06 09:50:00,41424.0,2026-05-06 09:55:00,41464.0,STOP_LOSS,-40.0,41327.0,139.0,40,80,60,41503.0,41515.3,41992.7,41025.7
2026-05-06,FLIP_RECOVER,LONG,2026-05-06 13:15:00,41548.0,2026-05-06 13:20:00,41508.0,STOP_LOSS,-40.0,491.0,67.0,40,80,60,41503.0,41515.3,41992.7,41025.7
2026-05-06,FLIP_BREAK,SHORT,2026-05-06 13:20:00,41488.0,2026-05-06 13:25:00,41528.0,STOP_LOSS,-40.0,37.0,111.0,40,80,60,41503.0,41515.3,41992.7,41025.7
2026-05-06,FLIP_RECOVER,LONG,2026-05-06 15:05:00,41607.0,2026-05-06 15:10:00,41567.0,STOP_LOSS,-40.0,0.0,170.0,40,80,60,41503.0,41515.3,41992.7,41025.7
2026-05-06,FLIP_BREAK,SHORT,2026-05-06 15:10:00,41441.0,2026-05-06 15:15:00,41481.0,STOP_LOSS,-40.0,12.0,209.0,40,80,60,41503.0,41515.3,41992.7,41025.7
2026-05-06,FLIP_RECOVER,LONG,2026-05-06 15:45:00,41537.0,2026-05-06 15:50:00,41617.0,TAKE_PROFIT,80.0,113.0,16.0,40,80,60,41503.0,41515.3,41992.7,41025.7
2026-05-07,FLIP_RECOVER,LONG,2026-05-07 04:10:00,42379.0,2026-05-07 04:15:00,42339.0,STOP_LOSS,-40.0,866.0,124.0,40,80,60,42340.0,42271.0,42537.0,42074.0
2026-05-07,FLIP_BREAK,SHORT,2026-05-07 04:15:00,42265.0,2026-05-07 04:20:00,42305.0,STOP_LOSS,-40.0,0.0,1308.0,40,80,60,42340.0,42271.0,42537.0,42074.0
2026-05-07,FLIP_RECOVER,LONG,2026-05-07 04:45:00,42526.0,2026-05-07 04:50:00,42486.0,STOP_LOSS,-40.0,12.0,246.0,40,80,60,42340.0,42271.0,42537.0,42074.0
2026-05-07,FLIP_BREAK,SHORT,2026-05-07 04:55:00,42320.0,2026-05-07 08:45:00,42360.0,STOP_LOSS,-40.0,42200.0,1124.0,40,80,60,42340.0,42271.0,42537.0,42074.0
2026-05-07,FLIP_RECOVER,LONG,2026-05-07 09:40:00,42360.0,2026-05-07 09:45:00,42320.0,STOP_LOSS,-40.0,666.0,42248.0,40,80,60,42340.0,42271.0,42537.0,42074.0
2026-05-07,FLIP_BREAK,SHORT,2026-05-07 09:55:00,42334.0,2026-05-07 10:00:00,42374.0,STOP_LOSS,-40.0,24.0,176.0,40,80,60,42340.0,42271.0,42537.0,42074.0
2026-05-07,FLIP_RECOVER,LONG,2026-05-07 10:25:00,42424.0,2026-05-07 10:30:00,42384.0,STOP_LOSS,-40.0,664.0,42313.0,40,80,60,42340.0,42271.0,42537.0,42074.0
2026-05-07,FLIP_BREAK,SHORT,2026-05-07 10:40:00,42335.0,2026-05-07 10:45:00,42375.0,STOP_LOSS,-40.0,53.0,95.0,40,80,60,42340.0,42271.0,42537.0,42074.0
2026-05-07,FLIP_RECOVER,LONG,2026-05-07 10:50:00,42342.0,2026-05-07 10:55:00,42422.0,TAKE_PROFIT,80.0,168.0,19.0,40,80,60,42340.0,42271.0,42537.0,42074.0
2026-05-07,FLIP_BREAK,SHORT,2026-05-07 11:00:00,42314.0,2026-05-07 11:05:00,42354.0,STOP_LOSS,-40.0,77.0,186.0,40,80,60,42340.0,42271.0,42537.0,42074.0
2026-05-07,FLIP_RECOVER,LONG,2026-05-07 11:15:00,42361.0,2026-05-07 11:20:00,42321.0,STOP_LOSS,-40.0,106.0,60.0,40,80,60,42340.0,42271.0,42537.0,42074.0
2026-05-07,FLIP_BREAK,SHORT,2026-05-07 11:20:00,42316.0,2026-05-07 11:30:00,42356.0,STOP_LOSS,-40.0,42203.0,669.0,40,80,60,42340.0,42271.0,42537.0,42074.0
2026-05-07,FLIP_RECOVER,LONG,2026-05-07 11:35:00,42384.0,2026-05-07 11:40:00,42464.0,TAKE_PROFIT,80.0,146.0,18.0,40,80,60,42340.0,42271.0,42537.0,42074.0
2026-05-07,FLIP_BREAK,SHORT,2026-05-07 12:15:00,42334.0,2026-05-07 12:20:00,42374.0,STOP_LOSS,-40.0,15.0,636.0,40,80,60,42340.0,42271.0,42537.0,42074.0
2026-05-07,FLIP_RECOVER,LONG,2026-05-07 12:55:00,42413.0,2026-05-07 13:00:00,42373.0,STOP_LOSS,-40.0,39.0,42299.0,40,80,60,42340.0,42271.0,42537.0,42074.0
2026-05-07,FLIP_BREAK,SHORT,2026-05-07 13:15:00,42313.0,2026-05-07 13:20:00,42353.0,STOP_LOSS,-40.0,31.0,121.0,40,80,60,42340.0,42271.0,42537.0,42074.0
2026-05-07,FLIP_RECOVER,LONG,2026-05-07 13:30:00,42348.0,2026-05-07 13:35:00,42308.0,STOP_LOSS,-40.0,14.0,42234.0,40,80,60,42340.0,42271.0,42537.0,42074.0
2026-05-07,FLIP_BREAK,SHORT,2026-05-07 16:45:00,42335.0,2026-05-07 16:50:00,42375.0,STOP_LOSS,-40.0,15.0,118.0,40,80,60,42340.0,42271.0,42537.0,42074.0
2026-05-07,FLIP_RECOVER,LONG,2026-05-07 16:50:00,42453.0,2026-05-07 16:55:00,42413.0,STOP_LOSS,-40.0,0.0,147.0,40,80,60,42340.0,42271.0,42537.0,42074.0
2026-05-07,FLIP_BREAK,SHORT,2026-05-07 16:55:00,42327.0,2026-05-07 17:00:00,42367.0,STOP_LOSS,-40.0,27.0,105.0,40,80,60,42340.0,42271.0,42537.0,42074.0
2026-05-07,FLIP_RECOVER,LONG,2026-05-07 19:30:00,42375.0,2026-05-07 19:35:00,42335.0,STOP_LOSS,-40.0,45.0,117.0,40,80,60,42340.0,42271.0,42537.0,42074.0
2026-05-07,FLIP_BREAK,SHORT,2026-05-07 19:35:00,42281.0,2026-05-07 19:50:00,42321.0,STOP_LOSS,-40.0,67.0,667.0,40,80,60,42340.0,42271.0,42537.0,42074.0
2026-05-08,FLIP_BREAK,SHORT,2026-05-08 00:15:00,41895.0,2026-05-08 00:20:00,41935.0,STOP_LOSS,-40.0,40.0,202.0,40,80,60,41937.0,41939.7,42340.3,41536.3
2026-05-08,FLIP_RECOVER,LONG,2026-05-08 00:25:00,41957.0,2026-05-08 00:30:00,42037.0,TAKE_PROFIT,80.0,173.0,10.0,40,80,60,41937.0,41939.7,42340.3,41536.3
2026-05-08,FLIP_BREAK,SHORT,2026-05-08 00:35:00,41934.0,2026-05-08 00:40:00,41974.0,STOP_LOSS,-40.0,41797.0,1580.0,40,80,60,41937.0,41939.7,42340.3,41536.3
2026-05-08,FLIP_RECOVER,LONG,2026-05-08 00:40:00,42081.0,2026-05-08 00:45:00,42041.0,STOP_LOSS,-40.0,0.0,153.0,40,80,60,41937.0,41939.7,42340.3,41536.3
2026-05-08,FLIP_BREAK,SHORT,2026-05-08 01:00:00,41932.0,2026-05-08 01:05:00,41972.0,STOP_LOSS,-40.0,16.0,148.0,40,80,60,41937.0,41939.7,42340.3,41536.3
2026-05-08,FLIP_RECOVER,LONG,2026-05-08 01:55:00,41983.0,2026-05-08 02:00:00,42063.0,TAKE_PROFIT,80.0,143.0,21.0,40,80,60,41937.0,41939.7,42340.3,41536.3
2026-05-08,FLIP_BREAK,SHORT,2026-05-08 02:20:00,41920.0,2026-05-08 02:25:00,41960.0,STOP_LOSS,-40.0,20.0,125.0,40,80,60,41937.0,41939.7,42340.3,41536.3
2026-05-08,FLIP_RECOVER,LONG,2026-05-08 02:55:00,41954.0,2026-05-08 03:15:00,41914.0,STOP_LOSS,-40.0,116.0,56.0,40,80,60,41937.0,41939.7,42340.3,41536.3
2026-05-08,FLIP_BREAK,SHORT,2026-05-08 03:15:00,41917.0,2026-05-08 03:20:00,41957.0,STOP_LOSS,-40.0,34.0,118.0,40,80,60,41937.0,41939.7,42340.3,41536.3
2026-05-08,FLIP_RECOVER,LONG,2026-05-08 03:30:00,41956.0,2026-05-08 03:40:00,42036.0,TAKE_PROFIT,80.0,152.0,5.0,40,80,60,41937.0,41939.7,42340.3,41536.3
2026-05-08,FLIP_BREAK,SHORT,2026-05-08 03:55:00,41922.0,2026-05-08 04:00:00,41962.0,STOP_LOSS,-40.0,6.0,245.0,40,80,60,41937.0,41939.7,42340.3,41536.3
2026-05-08,FLIP_RECOVER,LONG,2026-05-08 04:00:00,42018.0,2026-05-08 04:10:00,42098.0,TAKE_PROFIT,80.0,116.0,30.0,40,80,60,41937.0,41939.7,42340.3,41536.3
2026-05-08,FLIP_BREAK,SHORT,2026-05-08 10:10:00,41934.0,2026-05-08 10:15:00,41974.0,STOP_LOSS,-40.0,41805.0,695.0,40,80,60,41937.0,41939.7,42340.3,41536.3
2026-05-08,FLIP_RECOVER,LONG,2026-05-08 10:45:00,41967.0,2026-05-08 10:50:00,41927.0,STOP_LOSS,-40.0,134.0,41838.0,40,80,60,41937.0,41939.7,42340.3,41536.3
2026-05-08,FLIP_BREAK,SHORT,2026-05-08 10:50:00,129.0,2026-05-08 10:55:00,169.0,STOP_LOSS,-40.0,1.0,41972.0,40,80,60,41937.0,41939.7,42340.3,41536.3
2026-05-08,FLIP_RECOVER,LONG,2026-05-08 11:00:00,41949.0,2026-05-08 11:05:00,41909.0,STOP_LOSS,-40.0,17.0,41821.0,40,80,60,41937.0,41939.7,42340.3,41536.3
2026-05-08,FLIP_BREAK,SHORT,2026-05-08 11:15:00,41935.0,2026-05-08 11:20:00,41975.0,STOP_LOSS,-40.0,17.0,153.0,40,80,60,41937.0,41939.7,42340.3,41536.3
2026-05-08,FLIP_RECOVER,LONG,2026-05-08 11:30:00,41985.0,2026-05-08 11:35:00,41945.0,STOP_LOSS,-40.0,124.0,50.0,40,80,60,41937.0,41939.7,42340.3,41536.3
2026-05-08,FLIP_BREAK,SHORT,2026-05-08 11:40:00,41930.0,2026-05-08 11:45:00,41970.0,STOP_LOSS,-40.0,50.0,113.0,40,80,60,41937.0,41939.7,42340.3,41536.3
2026-05-08,FLIP_RECOVER,LONG,2026-05-08 11:55:00,41950.0,2026-05-08 12:00:00,41910.0,STOP_LOSS,-40.0,131.0,50.0,40,80,60,41937.0,41939.7,42340.3,41536.3
2026-05-08,FLIP_BREAK,SHORT,2026-05-08 12:00:00,41923.0,2026-05-08 12:05:00,41963.0,STOP_LOSS,-40.0,32.0,124.0,40,80,60,41937.0,41939.7,42340.3,41536.3
2026-05-08,FLIP_RECOVER,LONG,2026-05-08 12:05:00,41948.0,2026-05-08 12:10:00,41908.0,STOP_LOSS,-40.0,140.0,53.0,40,80,60,41937.0,41939.7,42340.3,41536.3
2026-05-08,FLIP_BREAK,SHORT,2026-05-08 12:10:00,41903.0,2026-05-08 12:15:00,41943.0,STOP_LOSS,-40.0,37.0,168.0,40,80,60,41937.0,41939.7,42340.3,41536.3
2026-05-08,FLIP_RECOVER,LONG,2026-05-08 12:15:00,41946.0,2026-05-08 12:20:00,41906.0,STOP_LOSS,-40.0,135.0,41818.0,40,80,60,41937.0,41939.7,42340.3,41536.3
2026-05-08,FLIP_BREAK,SHORT,2026-05-08 12:20:00,41929.0,2026-05-08 12:25:00,41969.0,STOP_LOSS,-40.0,11.0,136.0,40,80,60,41937.0,41939.7,42340.3,41536.3
2026-05-08,FLIP_RECOVER,LONG,2026-05-08 12:25:00,41946.0,2026-05-08 12:30:00,41906.0,STOP_LOSS,-40.0,80.0,41818.0,40,80,60,41937.0,41939.7,42340.3,41536.3
2026-05-08,FLIP_BREAK,SHORT,2026-05-08 12:30:00,41908.0,2026-05-08 12:35:00,41948.0,STOP_LOSS,-40.0,41780.0,142.0,40,80,60,41937.0,41939.7,42340.3,41536.3
2026-05-08,FLIP_RECOVER,LONG,2026-05-08 13:10:00,41961.0,2026-05-08 13:15:00,41921.0,STOP_LOSS,-40.0,161.0,41836.0,40,80,60,41937.0,41939.7,42340.3,41536.3
2026-05-08,FLIP_BREAK,SHORT,2026-05-08 13:25:00,41931.0,2026-05-08 13:30:00,41971.0,STOP_LOSS,-40.0,14.0,307.0,40,80,60,41937.0,41939.7,42340.3,41536.3
2026-05-08,FLIP_BREAK,SHORT,2026-05-08 15:05:00,41915.0,2026-05-08 15:10:00,41955.0,STOP_LOSS,-40.0,54.0,89.0,40,80,60,41937.0,41939.7,42340.3,41536.3
2026-05-08,FLIP_RECOVER,LONG,2026-05-08 15:40:00,41960.0,2026-05-08 15:45:00,41920.0,STOP_LOSS,-40.0,165.0,203.0,40,80,60,41937.0,41939.7,42340.3,41536.3
2026-05-08,FLIP_BREAK,SHORT,2026-05-08 15:45:00,41775.0,2026-05-08 15:50:00,41815.0,STOP_LOSS,-40.0,41610.0,137.0,40,80,60,41937.0,41939.7,42340.3,41536.3
2026-05-08,FLIP_RECOVER,LONG,2026-05-08 17:15:00,41996.0,2026-05-08 17:20:00,41956.0,STOP_LOSS,-40.0,16.0,142.0,40,80,60,41937.0,41939.7,42340.3,41536.3
2026-05-08,FLIP_BREAK,SHORT,2026-05-08 17:20:00,41871.0,2026-05-08 17:25:00,41791.0,TAKE_PROFIT,80.0,41706.0,12.0,40,80,60,41937.0,41939.7,42340.3,41536.3
2026-05-08,FLIP_RECOVER,LONG,2026-05-08 21:25:00,42020.0,2026-05-08 21:30:00,41980.0,STOP_LOSS,-40.0,80.0,192.0,40,80,60,41937.0,41939.7,42340.3,41536.3
2026-05-11,FLIP_BREAK,SHORT,2026-05-11 08:55:00,41942.0,2026-05-11 09:00:00,41982.0,STOP_LOSS,-40.0,41811.0,166.0,40,80,60,41945.0,42001.7,42201.3,41745.3
2026-05-11,FLIP_RECOVER,LONG,2026-05-11 09:00:00,41954.0,2026-05-11 09:05:00,41914.0,STOP_LOSS,-40.0,179.0,41827.0,40,80,60,41945.0,42001.7,42201.3,41745.3
2026-05-11,FLIP_BREAK,SHORT,2026-05-11 09:05:00,41922.0,2026-05-11 09:10:00,41962.0,STOP_LOSS,-40.0,41795.0,922.0,40,80,60,41945.0,42001.7,42201.3,41745.3
2026-05-11,FLIP_RECOVER,LONG,2026-05-11 09:10:00,41990.0,2026-05-11 09:15:00,41950.0,STOP_LOSS,-40.0,214.0,41864.0,40,80,60,41945.0,42001.7,42201.3,41745.3
2026-05-11,FLIP_RECOVER,LONG,2026-05-11 15:55:00,41962.0,2026-05-11 16:00:00,41922.0,STOP_LOSS,-40.0,8.0,65.0,40,80,60,41945.0,42001.7,42201.3,41745.3
2026-05-11,FLIP_BREAK,SHORT,2026-05-11 16:00:00,41929.0,2026-05-11 16:05:00,41969.0,STOP_LOSS,-40.0,105.0,126.0,40,80,60,41945.0,42001.7,42201.3,41745.3
2026-05-11,FLIP_RECOVER,LONG,2026-05-11 16:40:00,41973.0,2026-05-11 16:45:00,41933.0,STOP_LOSS,-40.0,27.0,135.0,40,80,60,41945.0,42001.7,42201.3,41745.3
2026-05-11,FLIP_BREAK,SHORT,2026-05-11 16:45:00,41855.0,2026-05-11 16:55:00,41895.0,STOP_LOSS,-40.0,28.0,105.0,40,80,60,41945.0,42001.7,42201.3,41745.3
2026-05-11,FLIP_RECOVER,LONG,2026-05-11 19:00:00,41962.0,2026-05-11 19:05:00,41922.0,STOP_LOSS,-40.0,0.0,134.0,40,80,60,41945.0,42001.7,42201.3,41745.3
2026-05-11,FLIP_BREAK,SHORT,2026-05-11 19:05:00,41843.0,2026-05-11 19:15:00,41883.0,STOP_LOSS,-40.0,8.0,130.0,40,80,60,41945.0,42001.7,42201.3,41745.3
2026-05-11,FLIP_RECOVER,LONG,2026-05-11 21:05:00,41960.0,2026-05-11 21:10:00,42040.0,TAKE_PROFIT,80.0,174.0,0.0,40,80,60,41945.0,42001.7,42201.3,41745.3
2026-05-11,FLIP_BREAK,SHORT,2026-05-11 21:50:00,41939.0,2026-05-11 21:55:00,41979.0,STOP_LOSS,-40.0,106.0,296.0,40,80,60,41945.0,42001.7,42201.3,41745.3
2026-05-11,FLIP_RECOVER,LONG,2026-05-11 22:00:00,41955.0,2026-05-11 22:05:00,42035.0,TAKE_PROFIT,80.0,158.0,1.0,40,80,60,41945.0,42001.7,42201.3,41745.3
2026-05-11,FLIP_BREAK,SHORT,2026-05-11 22:25:00,41941.0,2026-05-11 22:30:00,41981.0,STOP_LOSS,-40.0,56.0,162.0,40,80,60,41945.0,42001.7,42201.3,41745.3
2026-05-11,FLIP_RECOVER,LONG,2026-05-11 22:30:00,41990.0,2026-05-11 22:40:00,42070.0,TAKE_PROFIT,80.0,211.0,14.0,40,80,60,41945.0,42001.7,42201.3,41745.3
2026-05-12,FLIP_BREAK,SHORT,2026-05-12 09:35:00,41679.0,2026-05-12 09:40:00,41719.0,STOP_LOSS,-40.0,41538.0,721.0,40,80,60,41695.0,41888.3,42169.7,41413.7
2026-05-12,FLIP_RECOVER,LONG,2026-05-12 09:40:00,41818.0,2026-05-12 09:45:00,41898.0,TAKE_PROFIT,80.0,338.0,23.0,40,80,60,41695.0,41888.3,42169.7,41413.7
2026-05-12,FLIP_RECOVER,LONG,2026-05-12 15:35:00,41777.0,2026-05-12 15:40:00,41737.0,STOP_LOSS,-40.0,605.0,160.0,40,80,60,41695.0,41888.3,42169.7,41413.7
2026-05-12,FLIP_BREAK,SHORT,2026-05-12 15:40:00,41619.0,2026-05-12 15:45:00,41659.0,STOP_LOSS,-40.0,19.0,136.0,40,80,60,41695.0,41888.3,42169.7,41413.7
2026-05-13,FLIP_RECOVER,LONG,2026-05-13 03:30:00,41151.0,2026-05-13 03:35:00,41231.0,TAKE_PROFIT,80.0,111.0,17.0,40,80,60,41136.0,41192.0,41644.0,40684.0
2026-05-13,FLIP_BREAK,SHORT,2026-05-13 04:00:00,41120.0,2026-05-13 04:05:00,41160.0,STOP_LOSS,-40.0,58.0,121.0,40,80,60,41136.0,41192.0,41644.0,40684.0
2026-05-13,FLIP_RECOVER,LONG,2026-05-13 04:35:00,41158.0,2026-05-13 04:40:00,41238.0,TAKE_PROFIT,80.0,124.0,3.0,40,80,60,41136.0,41192.0,41644.0,40684.0
2026-05-13,FLIP_BREAK,SHORT,2026-05-13 10:15:00,113.0,2026-05-13 10:20:00,153.0,STOP_LOSS,-40.0,1.0,41333.0,40,80,60,41136.0,41192.0,41644.0,40684.0
2026-05-13,FLIP_RECOVER,LONG,2026-05-13 10:20:00,41307.0,2026-05-13 10:25:00,41267.0,STOP_LOSS,-40.0,194.0,41194.0,40,80,60,41136.0,41192.0,41644.0,40684.0
2026-05-13,FLIP_BREAK,SHORT,2026-05-13 12:45:00,5.0,2026-05-13 12:50:00,45.0,STOP_LOSS,-40.0,0.0,41555.0,40,80,60,41136.0,41192.0,41644.0,40684.0
2026-05-13,FLIP_RECOVER,LONG,2026-05-13 12:50:00,41454.0,2026-05-13 12:55:00,41414.0,STOP_LOSS,-40.0,129.0,41338.0,40,80,60,41136.0,41192.0,41644.0,40684.0
2026-05-14,FLIP_RECOVER,LONG,2026-05-14 00:00:00,41608.0,2026-05-14 00:10:00,41688.0,TAKE_PROFIT,80.0,127.0,30.0,40,80,60,41602.0,41779.0,42061.0,41320.0
2026-05-14,FLIP_BREAK,SHORT,2026-05-14 00:15:00,41600.0,2026-05-14 00:20:00,41640.0,STOP_LOSS,-40.0,11.0,333.0,40,80,60,41602.0,41779.0,42061.0,41320.0
2026-05-14,FLIP_RECOVER,LONG,2026-05-14 00:20:00,41666.0,2026-05-14 00:25:00,41746.0,TAKE_PROFIT,80.0,127.0,18.0,40,80,60,41602.0,41779.0,42061.0,41320.0
2026-05-14,FLIP_BREAK,SHORT,2026-05-14 10:55:00,41597.0,2026-05-14 11:00:00,41637.0,STOP_LOSS,-40.0,41468.0,169.0,40,80,60,41602.0,41779.0,42061.0,41320.0
2026-05-14,FLIP_RECOVER,LONG,2026-05-14 11:00:00,41762.0,2026-05-14 11:05:00,41722.0,STOP_LOSS,-40.0,0.0,41633.0,40,80,60,41602.0,41779.0,42061.0,41320.0
2026-05-14,FLIP_BREAK,SHORT,2026-05-14 11:15:00,41560.0,2026-05-14 11:20:00,41600.0,STOP_LOSS,-40.0,41431.0,161.0,40,80,60,41602.0,41779.0,42061.0,41320.0
2026-05-14,FLIP_RECOVER,LONG,2026-05-14 11:20:00,41615.0,2026-05-14 11:25:00,41575.0,STOP_LOSS,-40.0,379.0,41486.0,40,80,60,41602.0,41779.0,42061.0,41320.0
2026-05-14,FLIP_BREAK,SHORT,2026-05-14 11:40:00,130.0,2026-05-14 11:45:00,170.0,STOP_LOSS,-40.0,1.0,41686.0,40,80,60,41602.0,41779.0,42061.0,41320.0
2026-05-14,FLIP_RECOVER,LONG,2026-05-14 11:45:00,41777.0,2026-05-14 11:50:00,41737.0,STOP_LOSS,-40.0,35.0,41648.0,40,80,60,41602.0,41779.0,42061.0,41320.0
2026-05-14,FLIP_BREAK,SHORT,2026-05-14 11:55:00,129.0,2026-05-14 12:00:00,169.0,STOP_LOSS,-40.0,0.0,41665.0,40,80,60,41602.0,41779.0,42061.0,41320.0
2026-05-14,FLIP_RECOVER,LONG,2026-05-14 12:05:00,41683.0,2026-05-14 12:10:00,41643.0,STOP_LOSS,-40.0,188.0,41555.0,40,80,60,41602.0,41779.0,42061.0,41320.0
2026-05-14,FLIP_BREAK,SHORT,2026-05-14 13:15:00,41546.0,2026-05-14 13:20:00,41586.0,STOP_LOSS,-40.0,41422.0,206.0,40,80,60,41602.0,41779.0,42061.0,41320.0
2026-05-14,FLIP_RECOVER,LONG,2026-05-14 13:25:00,41835.0,2026-05-14 13:30:00,41795.0,STOP_LOSS,-40.0,42.0,41715.0,40,80,60,41602.0,41779.0,42061.0,41320.0
2026-05-15,FLIP_RECOVER,LONG,2026-05-15 03:00:00,42474.0,2026-05-15 03:05:00,42434.0,STOP_LOSS,-40.0,0.0,125.0,40,80,60,42359.0,42149.7,42586.3,41922.3
2026-05-15,FLIP_BREAK,SHORT,2026-05-15 03:10:00,42345.0,2026-05-15 03:30:00,42385.0,STOP_LOSS,-40.0,12.0,144.0,40,80,60,42359.0,42149.7,42586.3,41922.3
